Phase,Task,Owner,Due (days from close),Depends On
1 - Sale Closed,Confirm package / pricing / setup fee / recurring fee,Sales,0,
1 - Sale Closed,Confirm primary service / service area / start date / ad budget,Sales,0,
1 - Sale Closed,Send agreement,Sales,0,
1 - Sale Closed,Send payment link,Sales,0,
1 - Sale Closed,Agreement signed (GATE),Sales,1,Send agreement
1 - Sale Closed,Payment received (GATE),Sales,1,Send payment link
1 - Sale Closed,Mark Closed Won + hand off to AM with sales notes,Sales,1,Agreement signed (GATE)
2 - Welcome,Send welcome email with onboarding link,Account Manager,1,Payment received (GATE)
2 - Welcome,Create client folder,Account Manager,1,Payment received (GATE)
2 - Welcome,Set up client communication channel,Account Manager,1,Payment received (GATE)
3 - Intake,Intake form submitted,Client,3,Send welcome email with onboarding link
3 - Intake,Required access granted + verified,Account Manager,3,Send welcome email with onboarding link
3 - Intake,Minimum assets received,Account Manager,3,Send welcome email with onboarding link
3 - Intake,Follow-up cadence on missing items,Account Manager,3,Send welcome email with onboarding link
4 - Internal Setup,Create GHL sub-account,Automation / GHL,2,Payment received (GATE)
4 - Internal Setup,Assign owners for all roles + set target launch date,Account Manager,2,Payment received (GATE)
5 - Kickoff,Kickoff call held (30-45 min),Account Manager,5,Intake form submitted
5 - Kickoff,Kickoff notes + recording saved,Account Manager,5,Kickoff call held (30-45 min)
6 - Strategy,Write Growth Brief,Account Manager,6,Kickoff call held (30-45 min)
6 - Strategy,Approve Growth Brief,Media Buyer,6,Write Growth Brief
7 - Funnel,Build landing page,Automation / GHL,9,Approve Growth Brief
7 - Funnel,Build form + thank-you page,Automation / GHL,9,Approve Growth Brief
8 - CRM,Build lead pipeline + custom fields,Automation / GHL,8,Approve Growth Brief
8 - CRM,Set up calendar + client users + GHL app,Automation / GHL,8,Approve Growth Brief
9 - Automations,New lead SMS + internal notification,Automation / GHL,10,Build lead pipeline + custom fields
9 - Automations,Missed call text-back,Automation / GHL,10,Build lead pipeline + custom fields
9 - Automations,Appointment confirmation / reminder / no-show,Automation / GHL,10,Set up calendar + client users + GHL app
9 - Automations,Estimate follow-up sequence (Day 1/3/7/14/30),Automation / GHL,10,Build lead pipeline + custom fields
9 - Automations,A2P 10DLC registration,Automation / GHL,3,Create GHL sub-account
10 - Creative,Hooks + scripts for 3+ angles,Creative,8,Approve Growth Brief
10 - Creative,Client creative approval,Account Manager,9,Hooks + scripts for 3+ angles
10 - Creative,Edit / caption / export creatives,Creative,11,Client creative approval
11 - Tracking,Pixel + CAPI + conversion events,Media Buyer,11,Build landing page
11 - Tracking,UTMs + call tracking + CRM attribution,Media Buyer,11,Build form + thank-you page
12 - QA,Run Launch QA Checklist + end-to-end test,Media Buyer,13,Edit / caption / export creatives
12 - QA,QA sign-off by non-builder (GATE),Automation / GHL,13,Run Launch QA Checklist + end-to-end test
13 - Launch,Delete test data + launch campaign,Media Buyer,14,QA sign-off by non-builder (GATE)
13 - Launch,Send launch email,Account Manager,14,Delete test data + launch campaign
14 - First 7 Days,Day 1 review,Media Buyer,15,Delete test data + launch campaign
14 - First 7 Days,Day 3 review,Media Buyer,17,Day 1 review
14 - First 7 Days,Day 7 review,Media Buyer,21,Day 3 review
15 - Reporting,First weekly report,Account Manager,21,Day 7 review
16 - Weekly Call,First weekly client call,Account Manager,21,First weekly report
17 - 30-Day Review,30-day review meeting,Account Manager,44,Delete test data + launch campaign
17 - 30-Day Review,Next growth plan + upsell opportunities,Account Manager,44,30-day review meeting
